crime_description,crime_category,year,total_crimes,avg_victim_age
ARSON,Other Crime,2020,23,31.91304347826087
ARSON,Other Crime,2021,9,32.888888888888886
ARSON,Other Crime,2022,14,34.785714285714285
ARSON,Other Crime,2023,20,30.25
ARSON,Other Crime,2024,6,49.833333333333336
ASSAULT WITH DEADLY WEAPON ON POLICE OFFICER,Violent Crime,2020,9,10.666666666666666
ASSAULT WITH DEADLY WEAPON ON POLICE OFFICER,Violent Crime,2021,5,24.8
ASSAULT WITH DEADLY WEAPON ON POLICE OFFICER,Violent Crime,2022,6,18.833333333333332
ASSAULT WITH DEADLY WEAPON ON POLICE OFFICER,Violent Crime,2023,4,0.0
ASSAULT WITH DEADLY WEAPON ON POLICE OFFICER,Violent Crime,2024,4,6.0
"ASSAULT WITH DEADLY WEAPON, AGGRAVATED ASSAULT",Violent Crime,2020,468,35.85470085470085
"ASSAULT WITH DEADLY WEAPON, AGGRAVATED ASSAULT",Violent Crime,2021,433,37.85450346420323
"ASSAULT WITH DEADLY WEAPON, AGGRAVATED ASSAULT",Violent Crime,2022,494,37.58097165991903
"ASSAULT WITH DEADLY WEAPON, AGGRAVATED ASSAULT",Violent Crime,2023,506,36.972332015810274
"ASSAULT WITH DEADLY WEAPON, AGGRAVATED ASSAULT",Violent Crime,2024,130,38.06153846153846
ATTEMPTED ROBBERY,Violent Crime,2020,38,34.89473684210526
ATTEMPTED ROBBERY,Violent Crime,2021,38,39.31578947368421
ATTEMPTED ROBBERY,Violent Crime,2022,43,34.74418604651163
ATTEMPTED ROBBERY,Violent Crime,2023,40,41.0
ATTEMPTED ROBBERY,Violent Crime,2024,9,36.0
BATTERY - SIMPLE ASSAULT,Violent Crime,2020,629,40.61367249602544
BATTERY - SIMPLE ASSAULT,Violent Crime,2021,578,39.761245674740486
BATTERY - SIMPLE ASSAULT,Violent Crime,2022,738,39.74254742547426
BATTERY - SIMPLE ASSAULT,Violent Crime,2023,700,39.894285714285715
BATTERY - SIMPLE ASSAULT,Violent Crime,2024,210,38.41904761904762
BATTERY ON A FIREFIGHTER,Violent Crime,2020,1,38.0
BATTERY ON A FIREFIGHTER,Violent Crime,2022,3,22.0
BATTERY ON A FIREFIGHTER,Violent Crime,2023,3,23.666666666666668
BATTERY POLICE (SIMPLE),Violent Crime,2020,23,16.217391304347824
BATTERY POLICE (SIMPLE),Violent Crime,2021,17,15.529411764705882
BATTERY POLICE (SIMPLE),Violent Crime,2022,6,14.166666666666666
BATTERY POLICE (SIMPLE),Violent Crime,2023,15,15.4
BATTERY POLICE (SIMPLE),Violent Crime,2024,5,4.6
BATTERY WITH SEXUAL CONTACT,Violent Crime,2020,42,30.952380952380953
BATTERY WITH SEXUAL CONTACT,Violent Crime,2021,29,36.689655172413794
BATTERY WITH SEXUAL CONTACT,Violent Crime,2022,36,24.97222222222222
BATTERY WITH SEXUAL CONTACT,Violent Crime,2023,29,30.03448275862069
BATTERY WITH SEXUAL CONTACT,Violent Crime,2024,12,35.833333333333336
BIKE - ATTEMPTED STOLEN,Property Crime,2020,1,60.0
BIKE - ATTEMPTED STOLEN,Property Crime,2021,1,29.0
BIKE - STOLEN,Property Crime,2020,76,38.23684210526316
BIKE - STOLEN,Property Crime,2021,78,38.91025641025641
BIKE - STOLEN,Property Crime,2022,64,37.609375
BIKE - STOLEN,Property Crime,2023,48,37.770833333333336
BIKE - STOLEN,Property Crime,2024,39,33.58974358974359
BOMB SCARE,Other Crime,2020,2,34.0
BOMB SCARE,Other Crime,2021,4,22.5
BOMB SCARE,Other Crime,2022,2,0.0
BOMB SCARE,Other Crime,2023,3,33.666666666666664
BOMB SCARE,Other Crime,2024,2,30.5
BRANDISH WEAPON,Other Crime,2020,125,37.504
BRANDISH WEAPON,Other Crime,2021,110,38.89090909090909
BRANDISH WEAPON,Other Crime,2022,148,37.04054054054054
BRANDISH WEAPON,Other Crime,2023,135,36.318518518518516
BRANDISH WEAPON,Other Crime,2024,47,37.148936170212764
"BUNCO, ATTEMPT",Other Crime,2020,2,66.5
"BUNCO, ATTEMPT",Other Crime,2021,1,28.0
"BUNCO, ATTEMPT",Other Crime,2022,1,75.0
"BUNCO, ATTEMPT",Other Crime,2023,3,36.666666666666664
"BUNCO, GRAND THEFT",Property Crime,2020,32,49.34375
"BUNCO, GRAND THEFT",Property Crime,2021,49,46.12244897959184
"BUNCO, GRAND THEFT",Property Crime,2022,48,49.145833333333336
"BUNCO, GRAND THEFT",Property Crime,2023,62,45.41935483870968
"BUNCO, GRAND THEFT",Property Crime,2024,15,44.0
"BUNCO, PETTY THEFT",Property Crime,2020,29,37.310344827586206
"BUNCO, PETTY THEFT",Property Crime,2021,17,41.470588235294116
"BUNCO, PETTY THEFT",Property Crime,2022,13,38.92307692307692
"BUNCO, PETTY THEFT",Property Crime,2023,14,41.642857142857146
"BUNCO, PETTY THEFT",Property Crime,2024,7,39.0
BURGLARY,Property Crime,2020,380,41.78421052631579
BURGLARY,Property Crime,2021,395,39.255696202531645
BURGLARY,Property Crime,2022,422,40.535545023696685
BURGLARY,Property Crime,2023,411,41.34306569343066
BURGLARY,Property Crime,2024,117,40.14529914529915
BURGLARY FROM VEHICLE,Property Crime,2020,468,39.07692307692308
BURGLARY FROM VEHICLE,Property Crime,2021,531,37.51035781544256
BURGLARY FROM VEHICLE,Property Crime,2022,548,37.339416058394164
BURGLARY FROM VEHICLE,Property Crime,2023,541,38.22365988909427
BURGLARY FROM VEHICLE,Property Crime,2024,391,37.72378516624041
"BURGLARY FROM VEHICLE, ATTEMPTED",Property Crime,2020,9,38.666666666666664
"BURGLARY FROM VEHICLE, ATTEMPTED",Property Crime,2021,6,29.833333333333332
"BURGLARY FROM VEHICLE, ATTEMPTED",Property Crime,2022,6,38.166666666666664
"BURGLARY FROM VEHICLE, ATTEMPTED",Property Crime,2023,6,37.0
"BURGLARY FROM VEHICLE, ATTEMPTED",Property Crime,2024,2,28.5
"BURGLARY, ATTEMPTED",Property Crime,2020,33,39.09090909090909
"BURGLARY, ATTEMPTED",Property Crime,2021,12,47.25
"BURGLARY, ATTEMPTED",Property Crime,2022,31,47.74193548387097
"BURGLARY, ATTEMPTED",Property Crime,2023,30,43.7
"BURGLARY, ATTEMPTED",Property Crime,2024,3,7.666666666666667
CHILD ABANDONMENT,Other Crime,2022,2,7.0
CHILD ABUSE (PHYSICAL) - AGGRAVATED ASSAULT,Violent Crime,2020,8,12.5
CHILD ABUSE (PHYSICAL) - AGGRAVATED ASSAULT,Violent Crime,2021,6,10.666666666666666
CHILD ABUSE (PHYSICAL) - AGGRAVATED ASSAULT,Violent Crime,2022,3,11.0
CHILD ABUSE (PHYSICAL) - AGGRAVATED ASSAULT,Violent Crime,2023,3,13.666666666666666
CHILD ABUSE (PHYSICAL) - SIMPLE ASSAULT,Violent Crime,2020,45,10.177777777777777
CHILD ABUSE (PHYSICAL) - SIMPLE ASSAULT,Violent Crime,2021,26,12.0
CHILD ABUSE (PHYSICAL) - SIMPLE ASSAULT,Violent Crime,2022,27,11.37037037037037
CHILD ABUSE (PHYSICAL) - SIMPLE ASSAULT,Violent Crime,2023,36,11.472222222222221
CHILD ABUSE (PHYSICAL) - SIMPLE ASSAULT,Violent Crime,2024,12,9.083333333333334
CHILD ANNOYING (17YRS & UNDER),Other Crime,2020,6,10.833333333333334
CHILD ANNOYING (17YRS & UNDER),Other Crime,2021,6,15.0
CHILD ANNOYING (17YRS & UNDER),Other Crime,2022,11,13.0
CHILD ANNOYING (17YRS & UNDER),Other Crime,2023,10,12.9
CHILD ANNOYING (17YRS & UNDER),Other Crime,2024,1,14.0
CHILD NEGLECT (SEE 300 W.I.C.),Other Crime,2020,11,6.181818181818182
CHILD NEGLECT (SEE 300 W.I.C.),Other Crime,2021,5,4.2
CHILD NEGLECT (SEE 300 W.I.C.),Other Crime,2022,8,4.625
CHILD NEGLECT (SEE 300 W.I.C.),Other Crime,2023,8,4.375
CHILD NEGLECT (SEE 300 W.I.C.),Other Crime,2024,5,7.8
CHILD PORNOGRAPHY,Other Crime,2020,4,21.25
CHILD PORNOGRAPHY,Other Crime,2021,4,21.75
CHILD PORNOGRAPHY,Other Crime,2022,2,59.0
CHILD PORNOGRAPHY,Other Crime,2023,1,61.0
CHILD STEALING,Other Crime,2020,6,25.833333333333332
CHILD STEALING,Other Crime,2021,2,50.0
CHILD STEALING,Other Crime,2022,5,25.8
CHILD STEALING,Other Crime,2023,3,39.0
CHILD STEALING,Other Crime,2024,1,78.0
CONSPIRACY,Other Crime,2023,1,0.0
CONTEMPT OF COURT,Other Crime,2020,22,41.27272727272727
CONTEMPT OF COURT,Other Crime,2021,13,42.07692307692308
CONTEMPT OF COURT,Other Crime,2022,17,34.05882352941177
CONTEMPT OF COURT,Other Crime,2023,33,37.42424242424242
CONTEMPT OF COURT,Other Crime,2024,6,44.666666666666664
CONTRIBUTING,Other Crime,2020,1,14.0
CONTRIBUTING,Other Crime,2022,2,12.5
CONTRIBUTING,Other Crime,2023,1,13.0
COUNTERFEIT,Other Crime,2020,1,19.0
COUNTERFEIT,Other Crime,2021,2,44.5
COUNTERFEIT,Other Crime,2022,1,28.0
"CREDIT CARDS, FRAUD USE ($950 & UNDER",Other Crime,2022,1,59.0
"CREDIT CARDS, FRAUD USE ($950 & UNDER",Other Crime,2023,1,21.0
"CREDIT CARDS, FRAUD USE ($950.01 & OVER)",Other Crime,2021,2,48.5
"CREDIT CARDS, FRAUD USE ($950.01 & OVER)",Other Crime,2022,1,21.0
"CREDIT CARDS, FRAUD USE ($950.01 & OVER)",Other Crime,2023,1,47.0
CRIMINAL HOMICIDE,Violent Crime,2020,7,35.0
CRIMINAL HOMICIDE,Violent Crime,2021,9,43.666666666666664
CRIMINAL HOMICIDE,Violent Crime,2022,13,34.30769230769231
CRIMINAL HOMICIDE,Violent Crime,2023,17,39.705882352941174
CRIMINAL HOMICIDE,Violent Crime,2024,3,27.666666666666668
CRIMINAL THREATS - NO WEAPON DISPLAYED,Other Crime,2020,165,40.2060606060606
CRIMINAL THREATS - NO WEAPON DISPLAYED,Other Crime,2021,156,41.07051282051282
CRIMINAL THREATS - NO WEAPON DISPLAYED,Other Crime,2022,178,40.264044943820224
CRIMINAL THREATS - NO WEAPON DISPLAYED,Other Crime,2023,165,39.35757575757576
CRIMINAL THREATS - NO WEAPON DISPLAYED,Other Crime,2024,45,40.8
CRM AGNST CHLD (13 OR UNDER) (14-15 & SUSP 10 YRS OLDER),Other Crime,2020,18,9.61111111111111
CRM AGNST CHLD (13 OR UNDER) (14-15 & SUSP 10 YRS OLDER),Other Crime,2021,13,10.23076923076923
CRM AGNST CHLD (13 OR UNDER) (14-15 & SUSP 10 YRS OLDER),Other Crime,2022,11,14.818181818181818
CRM AGNST CHLD (13 OR UNDER) (14-15 & SUSP 10 YRS OLDER),Other Crime,2023,11,10.545454545454545
CRM AGNST CHLD (13 OR UNDER) (14-15 & SUSP 10 YRS OLDER),Other Crime,2024,7,9.714285714285714
CRUELTY TO ANIMALS,Other Crime,2020,1,26.0
CRUELTY TO ANIMALS,Other Crime,2021,3,26.666666666666668
CRUELTY TO ANIMALS,Other Crime,2022,2,24.5
CRUELTY TO ANIMALS,Other Crime,2023,2,26.0
CRUELTY TO ANIMALS,Other Crime,2024,1,23.0
"DEFRAUDING INNKEEPER/THEFT OF SERVICES, $950 & UNDER",Property Crime,2020,1,50.0
"DEFRAUDING INNKEEPER/THEFT OF SERVICES, $950 & UNDER",Property Crime,2021,1,58.0
DISCHARGE FIREARMS/SHOTS FIRED,Other Crime,2020,8,23.5
DISCHARGE FIREARMS/SHOTS FIRED,Other Crime,2021,12,20.25
DISCHARGE FIREARMS/SHOTS FIRED,Other Crime,2022,4,16.75
DISCHARGE FIREARMS/SHOTS FIRED,Other Crime,2023,7,15.285714285714286
DISCHARGE FIREARMS/SHOTS FIRED,Other Crime,2024,7,13.142857142857142
DISHONEST EMPLOYEE - PETTY THEFT,Property Crime,2022,1,35.0
DISTURBING THE PEACE,Quality of Life,2020,13,39.23076923076923
DISTURBING THE PEACE,Quality of Life,2021,12,52.583333333333336
DISTURBING THE PEACE,Quality of Life,2022,16,52.125
DISTURBING THE PEACE,Quality of Life,2023,17,44.588235294117645
DISTURBING THE PEACE,Quality of Life,2024,2,30.0
DOCUMENT FORGERY / STOLEN FELONY,Property Crime,2020,21,41.76190476190476
DOCUMENT FORGERY / STOLEN FELONY,Property Crime,2021,17,45.294117647058826
DOCUMENT FORGERY / STOLEN FELONY,Property Crime,2022,24,55.041666666666664
DOCUMENT FORGERY / STOLEN FELONY,Property Crime,2023,22,51.18181818181818
DOCUMENT FORGERY / STOLEN FELONY,Property Crime,2024,3,58.666666666666664
DOCUMENT WORTHLESS ($200.01 & OVER),Other Crime,2021,1,69.0
DOCUMENT WORTHLESS ($200.01 & OVER),Other Crime,2023,1,83.0
DRIVING WITHOUT OWNER CONSENT (DWOC),Other Crime,2020,1,0.0
DRIVING WITHOUT OWNER CONSENT (DWOC),Other Crime,2021,1,0.0
DRIVING WITHOUT OWNER CONSENT (DWOC),Other Crime,2022,2,38.5
DRIVING WITHOUT OWNER CONSENT (DWOC),Other Crime,2023,1,0.0
DRUNK ROLL,Other Crime,2020,2,48.0
"EMBEZZLEMENT, GRAND THEFT ($950.01 & OVER)",Property Crime,2020,6,8.166666666666666
"EMBEZZLEMENT, GRAND THEFT ($950.01 & OVER)",Property Crime,2021,5,19.4
"EMBEZZLEMENT, GRAND THEFT ($950.01 & OVER)",Property Crime,2022,9,34.111111111111114
"EMBEZZLEMENT, GRAND THEFT ($950.01 & OVER)",Property Crime,2023,11,38.54545454545455
"EMBEZZLEMENT, GRAND THEFT ($950.01 & OVER)",Property Crime,2024,3,7.666666666666667
EXTORTION,Other Crime,2020,17,35.1764705882353
EXTORTION,Other Crime,2021,14,37.5
EXTORTION,Other Crime,2022,25,36.2
EXTORTION,Other Crime,2023,23,27.869565217391305
EXTORTION,Other Crime,2024,2,47.0
FAILURE TO YIELD,Other Crime,2020,10,6.0
FAILURE TO YIELD,Other Crime,2021,7,16.142857142857142
FAILURE TO YIELD,Other Crime,2022,5,30.2
FAILURE TO YIELD,Other Crime,2023,3,14.666666666666666
FAILURE TO YIELD,Other Crime,2024,10,12.1
FALSE IMPRISONMENT,Other Crime,2020,2,32.5
FALSE IMPRISONMENT,Other Crime,2021,1,29.0
FALSE IMPRISONMENT,Other Crime,2022,4,46.5
FALSE IMPRISONMENT,Other Crime,2023,4,32.0
FALSE IMPRISONMENT,Other Crime,2024,1,32.0
FALSE POLICE REPORT,Other Crime,2023,1,0.0
HUMAN TRAFFICKING - COMMERCIAL SEX ACTS,Other Crime,2020,5,15.8
HUMAN TRAFFICKING - COMMERCIAL SEX ACTS,Other Crime,2021,3,10.666666666666666
HUMAN TRAFFICKING - COMMERCIAL SEX ACTS,Other Crime,2022,1,18.0
HUMAN TRAFFICKING - COMMERCIAL SEX ACTS,Other Crime,2023,2,16.5
HUMAN TRAFFICKING - COMMERCIAL SEX ACTS,Other Crime,2024,1,15.0
HUMAN TRAFFICKING - INVOLUNTARY SERVITUDE,Other Crime,2020,1,16.0
HUMAN TRAFFICKING - INVOLUNTARY SERVITUDE,Other Crime,2021,2,17.0
HUMAN TRAFFICKING - INVOLUNTARY SERVITUDE,Other Crime,2023,2,25.5
ILLEGAL DUMPING,Other Crime,2020,1,55.0
ILLEGAL DUMPING,Other Crime,2022,1,42.0
ILLEGAL DUMPING,Other Crime,2023,1,58.0
INDECENT EXPOSURE,Other Crime,2020,7,41.142857142857146
INDECENT EXPOSURE,Other Crime,2021,4,31.75
INDECENT EXPOSURE,Other Crime,2022,13,28.0
INDECENT EXPOSURE,Other Crime,2023,10,43.2
INDECENT EXPOSURE,Other Crime,2024,6,31.333333333333332
INTIMATE PARTNER - AGGRAVATED ASSAULT,Violent Crime,2020,125,33.864
INTIMATE PARTNER - AGGRAVATED ASSAULT,Violent Crime,2021,109,36.3394495412844
INTIMATE PARTNER - AGGRAVATED ASSAULT,Violent Crime,2022,119,34.05042016806723
INTIMATE PARTNER - AGGRAVATED ASSAULT,Violent Crime,2023,117,34.55555555555556
INTIMATE PARTNER - AGGRAVATED ASSAULT,Violent Crime,2024,32,34.0
INTIMATE PARTNER - SIMPLE ASSAULT,Violent Crime,2020,393,35.01526717557252
INTIMATE PARTNER - SIMPLE ASSAULT,Violent Crime,2021,424,35.22877358490566
INTIMATE PARTNER - SIMPLE ASSAULT,Violent Crime,2022,425,34.28235294117647
INTIMATE PARTNER - SIMPLE ASSAULT,Violent Crime,2023,373,34.85790884718499
INTIMATE PARTNER - SIMPLE ASSAULT,Violent Crime,2024,109,34.18348623853211
KIDNAPPING,Violent Crime,2020,6,17.333333333333332
KIDNAPPING,Violent Crime,2021,10,33.4
KIDNAPPING,Violent Crime,2022,3,39.666666666666664
KIDNAPPING,Violent Crime,2023,7,21.142857142857142
KIDNAPPING,Violent Crime,2024,2,26.0
KIDNAPPING - GRAND ATTEMPT,Violent Crime,2020,1,0.0
KIDNAPPING - GRAND ATTEMPT,Violent Crime,2024,1,28.0
"LETTERS, LEWD  -  TELEPHONE CALLS, LEWD",Other Crime,2020,71,36.690140845070424
"LETTERS, LEWD  -  TELEPHONE CALLS, LEWD",Other Crime,2021,74,36.351351351351354
"LETTERS, LEWD  -  TELEPHONE CALLS, LEWD",Other Crime,2022,73,37.06849315068493
"LETTERS, LEWD  -  TELEPHONE CALLS, LEWD",Other Crime,2023,66,35.86363636363637
"LETTERS, LEWD  -  TELEPHONE CALLS, LEWD",Other Crime,2024,47,35.38297872340426
LEWD CONDUCT,Other Crime,2020,8,38.625
LEWD CONDUCT,Other Crime,2021,5,41.6
LEWD CONDUCT,Other Crime,2022,8,43.875
LEWD CONDUCT,Other Crime,2023,5,37.6
LEWD CONDUCT,Other Crime,2024,2,32.0
LEWD/LASCIVIOUS ACTS WITH CHILD,Other Crime,2020,1,5.0
LEWD/LASCIVIOUS ACTS WITH CHILD,Other Crime,2024,1,5.0
ORAL COPULATION,Other Crime,2020,12,23.166666666666668
ORAL COPULATION,Other Crime,2021,10,26.8
ORAL COPULATION,Other Crime,2022,10,27.3
ORAL COPULATION,Other Crime,2023,4,35.0
ORAL COPULATION,Other Crime,2024,2,22.0
OTHER ASSAULT,Violent Crime,2020,38,42.526315789473685
OTHER ASSAULT,Violent Crime,2021,46,39.41304347826087
OTHER ASSAULT,Violent Crime,2022,29,38.86206896551724
OTHER ASSAULT,Violent Crime,2023,45,40.2
OTHER ASSAULT,Violent Crime,2024,14,46.785714285714285
OTHER MISCELLANEOUS CRIME,Other Crime,2020,49,28.693877551020407
OTHER MISCELLANEOUS CRIME,Other Crime,2021,35,34.6
OTHER MISCELLANEOUS CRIME,Other Crime,2022,46,32.08695652173913
OTHER MISCELLANEOUS CRIME,Other Crime,2023,39,32.12820512820513
OTHER MISCELLANEOUS CRIME,Other Crime,2024,12,48.083333333333336
PANDERING,Other Crime,2021,3,18.333333333333332
PANDERING,Other Crime,2022,1,44.0
PEEPING TOM,Other Crime,2020,3,16.333333333333332
PEEPING TOM,Other Crime,2021,3,17.666666666666668
PEEPING TOM,Other Crime,2022,9,26.88888888888889
PEEPING TOM,Other Crime,2023,5,24.2
PEEPING TOM,Other Crime,2024,3,34.333333333333336
PETTY THEFT - AUTO REPAIR,Property Crime,2021,1,38.0
PICKPOCKET,Other Crime,2020,3,40.333333333333336
PICKPOCKET,Other Crime,2021,5,26.6
PICKPOCKET,Other Crime,2022,51,30.11764705882353
PICKPOCKET,Other Crime,2023,39,31.102564102564102
PICKPOCKET,Other Crime,2024,47,33.40425531914894
PIMPING,Other Crime,2021,1,18.0
PROWLER,Other Crime,2020,2,37.0
PROWLER,Other Crime,2021,2,36.0
PROWLER,Other Crime,2022,1,47.0
PROWLER,Other Crime,2024,2,64.5
PURSE SNATCHING,Other Crime,2020,1,30.0
PURSE SNATCHING,Other Crime,2021,1,70.0
PURSE SNATCHING,Other Crime,2023,1,35.0
PURSE SNATCHING,Other Crime,2024,1,37.0
PURSE SNATCHING - ATTEMPT,Other Crime,2020,1,44.0
PURSE SNATCHING - ATTEMPT,Other Crime,2021,1,26.0
PURSE SNATCHING - ATTEMPT,Other Crime,2022,1,41.0
"RAPE, ATTEMPTED",Violent Crime,2020,2,30.5
"RAPE, ATTEMPTED",Violent Crime,2021,1,70.0
"RAPE, ATTEMPTED",Violent Crime,2022,2,46.0
"RAPE, ATTEMPTED",Violent Crime,2023,2,34.5
"RAPE, FORCIBLE",Violent Crime,2020,37,30.81081081081081
"RAPE, FORCIBLE",Violent Crime,2021,36,27.27777777777778
"RAPE, FORCIBLE",Violent Crime,2022,39,30.794871794871796
"RAPE, FORCIBLE",Violent Crime,2023,38,31.526315789473685
"RAPE, FORCIBLE",Violent Crime,2024,7,27.571428571428573
RECKLESS DRIVING,Other Crime,2022,1,0.0
RECKLESS DRIVING,Other Crime,2024,2,24.5
RESISTING ARREST,Other Crime,2020,2,13.5
RESISTING ARREST,Other Crime,2021,6,10.166666666666666
RESISTING ARREST,Other Crime,2022,4,18.25
RESISTING ARREST,Other Crime,2023,4,9.5
RESISTING ARREST,Other Crime,2024,2,0.0
ROBBERY,Violent Crime,2020,221,32.92760180995475
ROBBERY,Violent Crime,2021,249,33.48192771084337
ROBBERY,Violent Crime,2022,263,34.866920152091254
ROBBERY,Violent Crime,2023,258,34.75968992248062
ROBBERY,Violent Crime,2024,85,34.34117647058824
SEX OFFENDER REGISTRANT OUT OF COMPLIANCE,Other Crime,2020,2,9.0
SEX OFFENDER REGISTRANT OUT OF COMPLIANCE,Other Crime,2021,3,13.333333333333334
SEX OFFENDER REGISTRANT OUT OF COMPLIANCE,Other Crime,2022,3,14.0
SEX OFFENDER REGISTRANT OUT OF COMPLIANCE,Other Crime,2023,3,32.333333333333336
SEX OFFENDER REGISTRANT OUT OF COMPLIANCE,Other Crime,2024,1,23.0
"SEX,UNLAWFUL(INC MUTUAL CONSENT, PENETRATION W/ FRGN OBJ",Other Crime,2020,6,15.666666666666666
"SEX,UNLAWFUL(INC MUTUAL CONSENT, PENETRATION W/ FRGN OBJ",Other Crime,2021,5,16.2
"SEX,UNLAWFUL(INC MUTUAL CONSENT, PENETRATION W/ FRGN OBJ",Other Crime,2022,13,20.0
"SEX,UNLAWFUL(INC MUTUAL CONSENT, PENETRATION W/ FRGN OBJ",Other Crime,2023,8,14.375
SEXUAL PENETRATION W/FOREIGN OBJECT,Other Crime,2020,13,31.23076923076923
SEXUAL PENETRATION W/FOREIGN OBJECT,Other Crime,2021,14,24.642857142857142
SEXUAL PENETRATION W/FOREIGN OBJECT,Other Crime,2022,13,29.23076923076923
SEXUAL PENETRATION W/FOREIGN OBJECT,Other Crime,2023,6,21.666666666666668
SEXUAL PENETRATION W/FOREIGN OBJECT,Other Crime,2024,1,46.0
SHOPLIFTING - ATTEMPT,Property Crime,2022,1,0.0
SHOPLIFTING - ATTEMPT,Property Crime,2023,1,24.0
SHOPLIFTING - PETTY THEFT ($950 & UNDER),Property Crime,2020,65,23.23076923076923
SHOPLIFTING - PETTY THEFT ($950 & UNDER),Property Crime,2021,48,19.4375
SHOPLIFTING - PETTY THEFT ($950 & UNDER),Property Crime,2022,104,20.73076923076923
SHOPLIFTING - PETTY THEFT ($950 & UNDER),Property Crime,2023,178,17.6123595505618
SHOPLIFTING - PETTY THEFT ($950 & UNDER),Property Crime,2024,105,21.961904761904762
SHOPLIFTING-GRAND THEFT ($950.01 & OVER),Property Crime,2020,18,21.88888888888889
SHOPLIFTING-GRAND THEFT ($950.01 & OVER),Property Crime,2021,14,29.0
SHOPLIFTING-GRAND THEFT ($950.01 & OVER),Property Crime,2022,25,23.4
SHOPLIFTING-GRAND THEFT ($950.01 & OVER),Property Crime,2023,27,23.185185185185187
SHOPLIFTING-GRAND THEFT ($950.01 & OVER),Property Crime,2024,17,17.823529411764707
SHOTS FIRED AT INHABITED DWELLING,Other Crime,2020,13,38.46153846153846
SHOTS FIRED AT INHABITED DWELLING,Other Crime,2021,15,42.4
SHOTS FIRED AT INHABITED DWELLING,Other Crime,2022,21,36.61904761904762
SHOTS FIRED AT INHABITED DWELLING,Other Crime,2023,10,34.4
SHOTS FIRED AT INHABITED DWELLING,Other Crime,2024,5,36.0
"SHOTS FIRED AT MOVING VEHICLE, TRAIN OR AIRCRAFT",Property Crime,2020,4,24.25
"SHOTS FIRED AT MOVING VEHICLE, TRAIN OR AIRCRAFT",Property Crime,2021,9,24.444444444444443
"SHOTS FIRED AT MOVING VEHICLE, TRAIN OR AIRCRAFT",Property Crime,2022,9,36.0
"SHOTS FIRED AT MOVING VEHICLE, TRAIN OR AIRCRAFT",Property Crime,2024,1,36.0
SODOMY/SEXUAL CONTACT B/W PENIS OF ONE PERS TO ANUS OTH,Other Crime,2020,5,34.2
SODOMY/SEXUAL CONTACT B/W PENIS OF ONE PERS TO ANUS OTH,Other Crime,2021,1,29.0
SODOMY/SEXUAL CONTACT B/W PENIS OF ONE PERS TO ANUS OTH,Other Crime,2022,9,28.88888888888889
SODOMY/SEXUAL CONTACT B/W PENIS OF ONE PERS TO ANUS OTH,Other Crime,2023,5,33.0
SODOMY/SEXUAL CONTACT B/W PENIS OF ONE PERS TO ANUS OTH,Other Crime,2024,1,18.0
STALKING,Other Crime,2020,3,51.333333333333336
STALKING,Other Crime,2021,3,44.333333333333336
STALKING,Other Crime,2022,7,40.714285714285715
STALKING,Other Crime,2023,9,39.44444444444444
STALKING,Other Crime,2024,1,48.0
THEFT FROM MOTOR VEHICLE - ATTEMPT,Property Crime,2020,17,40.88235294117647
THEFT FROM MOTOR VEHICLE - ATTEMPT,Property Crime,2021,8,43.75
THEFT FROM MOTOR VEHICLE - ATTEMPT,Property Crime,2022,18,41.05555555555556
THEFT FROM MOTOR VEHICLE - ATTEMPT,Property Crime,2023,2,43.5
THEFT FROM MOTOR VEHICLE - GRAND ($950.01 AND OVER),Property Crime,2020,180,39.66111111111111
THEFT FROM MOTOR VEHICLE - GRAND ($950.01 AND OVER),Property Crime,2021,260,43.69615384615385
THEFT FROM MOTOR VEHICLE - GRAND ($950.01 AND OVER),Property Crime,2022,389,43.354755784061695
THEFT FROM MOTOR VEHICLE - GRAND ($950.01 AND OVER),Property Crime,2023,349,43.541547277936964
THEFT FROM MOTOR VEHICLE - GRAND ($950.01 AND OVER),Property Crime,2024,218,39.81651376146789
THEFT FROM MOTOR VEHICLE - PETTY ($950 & UNDER),Property Crime,2020,184,41.08152173913044
THEFT FROM MOTOR VEHICLE - PETTY ($950 & UNDER),Property Crime,2021,142,40.7112676056338
THEFT FROM MOTOR VEHICLE - PETTY ($950 & UNDER),Property Crime,2022,127,39.93700787401575
THEFT FROM MOTOR VEHICLE - PETTY ($950 & UNDER),Property Crime,2023,104,40.33653846153846
THEFT FROM MOTOR VEHICLE - PETTY ($950 & UNDER),Property Crime,2024,64,40.515625
THEFT FROM PERSON - ATTEMPT,Property Crime,2023,2,46.0
THEFT OF IDENTITY,Property Crime,2020,325,43.221538461538465
THEFT OF IDENTITY,Property Crime,2021,441,41.93877551020408
THEFT OF IDENTITY,Property Crime,2022,842,39.59857482185273
THEFT OF IDENTITY,Property Crime,2023,552,41.007246376811594
THEFT OF IDENTITY,Property Crime,2024,245,42.326530612244895
THEFT PLAIN - ATTEMPT,Property Crime,2020,1,39.0
THEFT PLAIN - ATTEMPT,Property Crime,2021,1,20.0
THEFT PLAIN - ATTEMPT,Property Crime,2022,1,35.0
THEFT PLAIN - ATTEMPT,Property Crime,2023,4,44.75
THEFT PLAIN - PETTY ($950 & UNDER),Property Crime,2020,393,40.78880407124682
THEFT PLAIN - PETTY ($950 & UNDER),Property Crime,2021,381,39.43832020997375
THEFT PLAIN - PETTY ($950 & UNDER),Property Crime,2022,384,37.828125
THEFT PLAIN - PETTY ($950 & UNDER),Property Crime,2023,411,38.85401459854015
THEFT PLAIN - PETTY ($950 & UNDER),Property Crime,2024,303,37.445544554455445
"THEFT, COIN MACHINE - PETTY ($950 & UNDER)",Property Crime,2021,1,0.0
"THEFT, COIN MACHINE - PETTY ($950 & UNDER)",Property Crime,2022,1,53.0
"THEFT, PERSON",Property Crime,2020,31,41.54838709677419
"THEFT, PERSON",Property Crime,2021,31,43.32258064516129
"THEFT, PERSON",Property Crime,2022,57,44.771929824561404
"THEFT, PERSON",Property Crime,2023,43,41.97674418604651
"THEFT, PERSON",Property Crime,2024,12,36.333333333333336
"THEFT-GRAND ($950.01 & OVER)EXCPT,GUNS,FOWL,LIVESTK,PROD",Property Crime,2020,216,37.58796296296296
"THEFT-GRAND ($950.01 & OVER)EXCPT,GUNS,FOWL,LIVESTK,PROD",Property Crime,2021,237,38.55696202531646
"THEFT-GRAND ($950.01 & OVER)EXCPT,GUNS,FOWL,LIVESTK,PROD",Property Crime,2022,243,37.36625514403292
"THEFT-GRAND ($950.01 & OVER)EXCPT,GUNS,FOWL,LIVESTK,PROD",Property Crime,2023,260,38.29615384615385
"THEFT-GRAND ($950.01 & OVER)EXCPT,GUNS,FOWL,LIVESTK,PROD",Property Crime,2024,181,37.24309392265194
THREATENING PHONE CALLS/LETTERS,Other Crime,2020,8,41.0
THREATENING PHONE CALLS/LETTERS,Other Crime,2023,2,48.0
THROWING OBJECT AT MOVING VEHICLE,Property Crime,2020,10,35.7
THROWING OBJECT AT MOVING VEHICLE,Property Crime,2021,6,39.5
THROWING OBJECT AT MOVING VEHICLE,Property Crime,2022,8,44.875
THROWING OBJECT AT MOVING VEHICLE,Property Crime,2023,4,15.25
THROWING OBJECT AT MOVING VEHICLE,Property Crime,2024,3,34.666666666666664
TRESPASSING,Quality of Life,2020,73,40.89041095890411
TRESPASSING,Quality of Life,2021,84,39.80952380952381
TRESPASSING,Quality of Life,2022,67,40.44776119402985
TRESPASSING,Quality of Life,2023,101,36.584158415841586
TRESPASSING,Quality of Life,2024,71,21.070422535211268
UNAUTHORIZED COMPUTER ACCESS,Other Crime,2020,6,32.833333333333336
UNAUTHORIZED COMPUTER ACCESS,Other Crime,2021,5,43.6
UNAUTHORIZED COMPUTER ACCESS,Other Crime,2022,5,41.2
UNAUTHORIZED COMPUTER ACCESS,Other Crime,2023,4,18.5
"VANDALISM - FELONY ($400 & OVER, ALL CHURCH VANDALISMS)",Quality of Life,2020,395,34.45569620253165
"VANDALISM - FELONY ($400 & OVER, ALL CHURCH VANDALISMS)",Quality of Life,2021,440,36.58409090909091
"VANDALISM - FELONY ($400 & OVER, ALL CHURCH VANDALISMS)",Quality of Life,2022,400,36.51
"VANDALISM - FELONY ($400 & OVER, ALL CHURCH VANDALISMS)",Quality of Life,2023,390,37.68974358974359
"VANDALISM - FELONY ($400 & OVER, ALL CHURCH VANDALISMS)",Quality of Life,2024,243,38.75308641975309
VANDALISM - MISDEAMEANOR ($399 OR UNDER),Quality of Life,2020,244,39.66393442622951
VANDALISM - MISDEAMEANOR ($399 OR UNDER),Quality of Life,2021,197,38.34517766497462
VANDALISM - MISDEAMEANOR ($399 OR UNDER),Quality of Life,2022,176,41.15340909090909
VANDALISM - MISDEAMEANOR ($399 OR UNDER),Quality of Life,2023,129,40.21705426356589
VANDALISM - MISDEAMEANOR ($399 OR UNDER),Quality of Life,2024,78,38.17948717948718
VEHICLE - ATTEMPT STOLEN,Property Crime,2020,16,43.3125
VEHICLE - ATTEMPT STOLEN,Property Crime,2021,23,41.43478260869565
VEHICLE - ATTEMPT STOLEN,Property Crime,2022,31,43.225806451612904
VEHICLE - ATTEMPT STOLEN,Property Crime,2023,52,44.11538461538461
VEHICLE - ATTEMPT STOLEN,Property Crime,2024,20,42.5
VEHICLE - STOLEN,Property Crime,2020,6,36.833333333333336
VEHICLE - STOLEN,Property Crime,2021,3,23.0
VEHICLE - STOLEN,Property Crime,2022,3,42.333333333333336
VEHICLE - STOLEN,Property Crime,2023,5,46.0
VEHICLE - STOLEN,Property Crime,2024,4,42.5
"VEHICLE, STOLEN - OTHER (MOTORIZED SCOOTERS, BIKES, ETC)",Property Crime,2020,3,42.666666666666664
"VEHICLE, STOLEN - OTHER (MOTORIZED SCOOTERS, BIKES, ETC)",Property Crime,2021,13,33.30769230769231
"VEHICLE, STOLEN - OTHER (MOTORIZED SCOOTERS, BIKES, ETC)",Property Crime,2022,10,34.1
"VEHICLE, STOLEN - OTHER (MOTORIZED SCOOTERS, BIKES, ETC)",Property Crime,2024,1,49.0
VIOLATION OF COURT ORDER,Other Crime,2020,51,40.01960784313726
VIOLATION OF COURT ORDER,Other Crime,2021,43,41.13953488372093
VIOLATION OF COURT ORDER,Other Crime,2022,49,41.69387755102041
VIOLATION OF COURT ORDER,Other Crime,2023,69,44.36231884057971
VIOLATION OF COURT ORDER,Other Crime,2024,12,37.0
VIOLATION OF RESTRAINING ORDER,Other Crime,2020,86,40.56976744186046
VIOLATION OF RESTRAINING ORDER,Other Crime,2021,107,39.45794392523364
VIOLATION OF RESTRAINING ORDER,Other Crime,2022,99,44.505050505050505
VIOLATION OF RESTRAINING ORDER,Other Crime,2023,101,41.28712871287129
VIOLATION OF RESTRAINING ORDER,Other Crime,2024,18,45.388888888888886
VIOLATION OF TEMPORARY RESTRAINING ORDER,Other Crime,2020,4,41.75
VIOLATION OF TEMPORARY RESTRAINING ORDER,Other Crime,2021,5,42.6
VIOLATION OF TEMPORARY RESTRAINING ORDER,Other Crime,2022,11,43.54545454545455
VIOLATION OF TEMPORARY RESTRAINING ORDER,Other Crime,2023,10,40.7
VIOLATION OF TEMPORARY RESTRAINING ORDER,Other Crime,2024,2,35.5
